Stkcd,Regplc,Lon,Lat
1,广东省深圳市,114.025974,22.546054
2,广东省深圳市,114.025974,22.546054
3,广东省深圳市,114.025974,22.546054
4,广东省深圳市,114.025974,22.546054
5,广东省深圳市,114.025974,22.546054
6,广东省深圳市,114.025974,22.546054
7,广东省深圳市,114.025974,22.546054
8,广东省深圳市,114.025974,22.546054
9,广东省深圳市,114.025974,22.546054
10,广东省深圳市,114.025974,22.546054
11,广东省深圳市,114.025974,22.546054
12,广东省深圳市,114.025974,22.546054
13,广东省深圳市,114.025974,22.546054
14,广东省深圳市,114.025974,22.546054
15,广东省深圳市,114.025974,22.546054
16,广东省深圳市,114.025974,22.546054
17,广东省深圳市,114.025974,22.546054
18,广东省深圳市,114.025974,22.546054
19,广东省深圳市,114.025974,22.546054
20,广东省深圳市,114.025974,22.546054
21,广东省深圳市,114.025974,22.546054
22,广东省深圳市,114.025974,22.546054
23,广东省深圳市,114.025974,22.546054
24,广东省深圳市,114.025974,22.546054
25,广东省深圳市,114.025974,22.546054
26,广东省深圳市,114.025974,22.546054
27,广东省深圳市,114.025974,22.546054
28,广东省深圳市,114.025974,22.546054
29,广东省深圳市,114.025974,22.546054
30,广东省深圳市,114.025974,22.546054
31,广东省深圳市,114.025974,22.546054
32,广东省深圳市,114.025974,22.546054
33,广东省深圳市,114.025974,22.546054
34,广东省深圳市,114.025974,22.546054
35,广东省深圳市,114.025974,22.546054
36,广东省深圳市,114.025974,22.546054
37,广东省深圳市,114.025974,22.546054
38,广东省深圳市,114.025974,22.546054
39,广东省深圳市,114.025974,22.546054
40,广东省深圳市,114.025974,22.546054
42,广东省深圳市,114.025974,22.546054
43,广东省深圳市,114.025974,22.546054
45,广东省深圳市,114.025974,22.546054
46,广东省深圳市,114.025974,22.546054
47,广东省深圳市,114.025974,22.546054
48,广东省深圳市,114.025974,22.546054
49,广东省深圳市,114.025974,22.546054
50,广东省深圳市,114.025974,22.546054
55,广东省深圳市,114.025974,22.546054
56,广东省深圳市,114.025974,22.546054
58,广东省深圳市,114.025974,22.546054
59,广东省深圳市,114.025974,22.546054
60,广东省深圳市,114.025974,22.546054
61,广东省深圳市,114.025974,22.546054
62,广东省深圳市,114.025974,22.546054
63,广东省深圳市,114.025974,22.546054
65,广东省深圳市,114.025974,22.546054
66,广东省深圳市,114.025974,22.546054
68,广东省深圳市,114.025974,22.546054
69,广东省深圳市,114.025974,22.546054
70,广东省深圳市,114.025974,22.546054
78,广东省深圳市,114.025974,22.546054
88,广东省深圳市,114.025974,22.546054
89,广东省深圳市,114.025974,22.546054
90,广东省深圳市,114.025974,22.546054
96,广东省深圳市,114.025974,22.546054
99,广东省深圳市,114.025974,22.546054
100,广东省惠州市,114.410658,23.11354
150,广东省惠州市,114.410658,23.11354
151,北京市,116.395645,39.929986
153,安徽省芜湖市,117.820052,31.222494
155,四川省成都市,104.067923,30.679943
156,湖南省洪江市,110.087193,27.239105
157,湖南省长沙市,112.979353,28.213478
158,河北省石家庄市,114.522082,38.048958
159,新疆维吾尔自治区乌鲁木齐市,87.564988,43.84038
301,江苏省苏州市,120.619907,31.317987
400,河南省许昌市,113.835312,34.02674
401,河北省唐山市,118.183451,39.650531
402,重庆市,106.530635,29.544606
403,江西省宜春市,114.400039,27.81113
404,江西省景德镇市,117.186523,29.303563
405,广东省珠海市,113.562447,22.256915
406,山东省东营市,118.583926,37.487121
407,山东省济南市,117.024967,36.682785
408,河北省邯郸市,114.482694,36.609308
409,广东省深圳市,114.025974,22.546054
410,辽宁省沈阳市,123.432791,41.808645
411,浙江省杭州市,120.219375,30.259244
412,吉林省长春市,125.313642,43.898338
413,河北省石家庄市,114.522082,38.048958
415,新疆维吾尔自治区乌鲁木齐市,87.564988,43.84038
416,山东省青岛市,120.384428,36.105215
417,安徽省合肥市,117.282699,31.866942
418,江苏省无锡市,120.305456,31.570037
419,湖南省长沙市,112.979353,28.213478
420,吉林省吉林市,126.564544,43.871988
421,江苏省南京市,118.778074,32.057236
422,湖北省宜昌市,111.310981,30.732758
423,山东省聊城市,116.283198,36.331642
425,江苏省徐州市,117.188107,34.271553
426,内蒙古自治区赤峰市,118.930761,42.297112
428,湖南省长沙市,112.979353,28.213478
429,广东省广州市,113.30765,23.120049
430,湖南省张家界市,110.48162,29.124889
488,山东省寿光市,118.852534,37.029892
498,辽宁省丹东市,124.338543,40.129023
501,湖北省武汉市,114.3162,30.581084
502,海南省海口市,110.330802,20.022071
503,海南省海口市,110.330802,20.022071
504,海南省海口市,110.330802,20.022071
505,海南省海口市,110.330802,20.022071
506,四川省乐山市,103.760824,29.600958
507,广东省珠海市,113.562447,22.256915
508,海南省海口市,110.330802,20.022071
509,四川省南充市,106.105554,30.800965
510,四川省德阳市,104.402398,31.13114
511,辽宁省沈阳市,123.432791,41.808645
513,广东省珠海市,113.562447,22.256915
514,重庆市,106.530635,29.544606
515,重庆市,106.530635,29.544606
516,陕西省西安市,108.953098,34.2778
517,浙江省宁波市,121.579006,29.885259
518,江苏省江阴市,120.310679,31.837425
519,四川省成都市,104.067923,30.679943
520,湖北省武汉市,114.3162,30.581084
521,安徽省合肥市,117.282699,31.866942
522,广东省广州市,113.30765,23.120049
523,广东省广州市,113.30765,23.120049
524,广东省广州市,113.30765,23.120049
525,江苏省南京市,118.778074,32.057236
526,福建省厦门市,118.103886,24.489231
527,广东省佛山市,114.025974,22.546054
528,广西壮族自治区柳州市,109.422402,24.329053
529,广东省鹤山市,112.801618,22.675317
530,辽宁省大连市,121.593478,38.94871
531,广东省广州市,113.30765,23.120049
532,广东省珠海市,113.562447,22.256915
533,广东省佛山市,114.025974,22.546054
534,广东省汕头市,116.72865,23.383908
535,湖北省宜昌市,111.310981,30.732758
536,福建省福州市,119.330221,26.047125
537,天津市,114.025974,22.546054
538,云南省昆明市,102.714601,25.049153
539,广东省广州市,113.30765,23.120049
540,贵州省贵阳市,106.709177,26.629907
541,广东省佛山市,114.025974,22.546054
542,广东省惠州市,114.410658,23.11354
543,安徽省合肥市,117.282699,31.866942
544,河南省郑州市,113.649644,34.75661
545,吉林省吉林市,126.564544,43.871988
546,吉林省长春市,125.313642,43.898338
547,福建省福州市,119.330221,26.047125
548,湖南省长沙市,112.979353,28.213478
549,湖南省株洲市,113.131695,27.827433
550,江西省南昌市,115.893528,28.689578
551,江苏省苏州市,120.619907,31.317987
552,甘肃省兰州市,103.823305,36.064226
553,湖北省荆州市,112.241866,30.332591
554,山东省泰安市,117.089415,36.188078
555,贵州省凯里市,107.948239,26.631742
556,海南省海口市,110.330802,20.022071
557,宁夏回族自治区银川市,106.206479,38.502621
558,辽宁省沈阳市,123.432791,41.808645
559,浙江省杭州市,120.219375,30.259244
560,云南省昆明市,102.714601,25.049153
561,陕西省宝鸡市,107.170645,34.364081
562,新疆维吾尔自治区乌鲁木齐市,87.564988,43.84038
563,陕西省西安市,108.953098,34.2778
564,陕西省西安市,108.953098,34.2778
565,重庆市,106.530635,29.544606
566,海南省海口市,110.330802,20.022071
567,海南省海口市,110.330802,20.022071
568,四川省泸州市,105.44397,28.89593
569,四川省江油市,104.933149,31.952427
570,江苏省常州市,119.981861,31.771397
571,海南省海口市,110.330802,20.022071
572,海南省海口市,110.330802,20.022071
573,广东省东莞市,113.763434,23.043024
576,广东省江门市,113.078125,22.575117
578,青海省西宁市,101.767921,36.640739
581,江苏省无锡市,120.305456,31.570037
582,广西壮族自治区北海市,109.122628,21.472718
583,四川省自贡市,104.776071,29.359157
584,四川省成都市,104.067923,30.679943
585,辽宁省沈阳市,123.432791,41.808645
586,四川省成都市,104.067923,30.679943
587,黑龙江省伊春市,128.910766,47.734685
588,广东省潮州市,116.630076,23.661812
589,贵州省贵阳市,106.709177,26.629907
590,湖南省衡阳市,112.583819,26.898164
591,重庆市,106.530635,29.544606
592,福建省福州市,119.330221,26.047125
593,四川省成都市,104.067923,30.679943
594,内蒙古自治区赤峰市,118.930761,42.297112
595,宁夏回族自治区银川市,106.206479,38.502621
596,安徽省亳州市,115.787928,33.871211
597,辽宁省沈阳市,123.432791,41.808645
598,甘肃省兰州市,103.823305,36.064226
599,山东省青岛市,120.384428,36.105215
600,河北省石家庄市,114.522082,38.048958
601,广东省韶关市,113.594461,24.80296
602,广东省潮州市,116.630076,23.661812
603,广东省深圳市,114.025974,22.546054
605,北京市,116.395645,39.929986
606,青海省西宁市,101.767921,36.640739
607,重庆市,106.530635,29.544606
608,广西壮族自治区南宁市,108.297234,22.806493
609,北京市,116.395645,39.929986
610,陕西省西安市,108.953098,34.2778
611,内蒙古自治区呼和浩特市,111.660351,40.828319
612,河南省焦作市,113.211836,35.234608
613,海南省三亚市,109.522771,18.257776
615,湖北省襄阳市,112.250093,32.229169
616,辽宁省大连市,121.593478,38.94871
617,山东省济南市,117.024967,36.682785
618,吉林省吉林市,126.564544,43.871988
619,安徽省芜湖市,118.384108,31.36602
620,黑龙江省牡丹江市,129.608035,44.588521
621,北京市,116.395645,39.929986
622,湖南省岳阳市,113.146196,29.378007
623,吉林省敦化市,128.239499,43.560202
625,重庆市,106.530635,29.544606
626,江苏省连云港市,119.173872,34.601549
627,湖北省荆门市,112.21733,31.042611
628,四川省成都市,104.067923,30.679943
629,四川省攀枝花市,101.722423,26.587571
630,安徽省铜陵市,117.819429,30.94093
631,吉林省长春市,125.313642,43.898338
632,福建省福州市,119.330221,26.047125
633,辽宁省沈阳市,123.432791,41.808645
635,宁夏回族自治区石嘴山市,106.379337,39.020223
636,广东省肇庆市,112.479653,23.078663
637,广东省茂名市,110.931245,21.668226
638,辽宁省沈阳市,123.432791,41.808645
639,湖南省株洲市,113.131695,27.827433
650,江西省九江市,115.999848,29.71964
651,广东省珠海市,113.562447,22.256915
652,天津市,114.025974,22.546054
653,福建省厦门市,118.103886,24.489231
655,山东省淄博市,118.059134,36.804685
656,重庆市,106.530635,29.544606
657,海南省海口市,110.330802,20.022071
658,福建省厦门市,118.103886,24.489231
659,广东省珠海市,113.562447,22.256915
660,广东省广州市,113.30765,23.120049
661,吉林省长春市,125.313642,43.898338
662,广西壮族自治区梧州市,111.305472,23.485395
663,福建省永安市,117.328535,25.919433
665,湖北省武汉市,114.3162,30.581084
666,山西省太原市,112.550864,37.890277
667,云南省昆明市,102.714601,25.049153
668,湖北省武汉市,114.3162,30.581084
669,吉林省吉林市,126.564544,43.871988
670,湖北省荆州市,112.241866,30.332591
671,福建省石狮市,118.692481,24.744894
672,甘肃省白银市,104.171241,36.546682
673,山西省大同市,113.290509,40.113744
675,四川省内江市,105.073056,29.599462
676,河南省郑州市,113.649644,34.75661
677,山东省潍坊市,119.142634,36.716115
678,湖北省襄阳市,112.250093,32.229169
679,辽宁省大连市,121.593478,38.94871
680,山东省济宁市,116.600798,35.402122
681,江苏省常州市,119.981861,31.771397
682,山东省烟台市,121.309555,37.536562
683,内蒙古自治区鄂尔多斯市,109.993706,39.81649
685,广东省佛山市,114.025974,22.546054
686,辽宁省锦州市,121.147749,41.130879
687,河北省保定市,115.49481,38.886565
688,重庆市,106.530635,29.544606
689,广东省汕头市,116.72865,23.383908
690,广东省梅州市,116.126403,24.304571
691,海南省海口市,110.330802,20.022071
692,辽宁省沈阳市,123.432791,41.808645
693,四川省成都市,104.067923,30.679943
695,天津市,114.025974,22.546054
697,陕西省咸阳市,108.707509,34.345373
698,辽宁省沈阳市,123.432791,41.808645
699,黑龙江省佳木斯市,130.284735,46.81378
700,江苏省江阴市,120.310679,31.837425
701,福建省厦门市,118.103886,24.489231
702,湖南省岳阳市,113.146196,29.378007
703,广西壮族自治区北海市,109.122628,21.472718
705,浙江省绍兴市,120.592467,30.002365
707,湖北省孝感市,113.935734,30.927955
708,湖北省黄石市,115.050683,30.216127
709,河北省唐山市,118.183451,39.650531
710,四川省成都市,104.067923,30.679943
711,黑龙江省哈尔滨市,126.657717,45.773225
712,广东省清远市,113.040773,23.698469
713,安徽省合肥市,117.282699,31.866942
715,辽宁省沈阳市,123.432791,41.808645
716,广西壮族自治区南宁市,108.297234,22.806493
717,广东省韶关市,113.594461,24.80296
718,吉林省吉林市,126.564544,43.871988
719,河南省焦作市,113.211836,35.234608
720,山东省泰安市,117.089415,36.188078
721,陕西省西安市,108.953098,34.2778
722,湖南省衡阳市,112.583819,26.898164
723,福建省福州市,119.330221,26.047125
725,北京市,116.395645,39.929986
726,山东省淄博市,118.059134,36.804685
727,江苏省南京市,118.778074,32.057236
728,北京市,116.395645,39.929986
729,北京市,116.395645,39.929986
730,辽宁省沈阳市,123.432791,41.808645
731,四川省遂宁市,105.388245,30.908079
732,福建省三明市,117.642194,26.270835
733,贵州省贵阳市,106.709177,26.629907
735,海南省海口市,110.330802,20.022071
736,重庆市,106.530635,29.544606
737,山西省运城市,111.006854,35.038859
738,湖南省株洲市,113.131695,27.827433
739,山东省青岛市,120.384428,36.105215
748,湖南省长沙市,112.979353,28.213478
750,广西壮族自治区桂林市,110.26092,25.262901
751,辽宁省葫芦岛市,120.860758,40.74303
752,西藏自治区拉萨市,91.111891,29.662557
753,福建省漳州市,117.676205,24.517065
755,山西省太原市,112.550864,37.890277
756,山东省淄博市,118.059134,36.804685
757,四川省内江市,105.073056,29.599462
758,北京市,116.395645,39.929986
759,湖北省武汉市,114.3162,30.581084
760,湖北省荆州市,112.153618,29.95713
761,辽宁省本溪市,123.778062,41.325838
762,西藏自治区拉萨市,91.111891,29.662557
763,辽宁省锦州市,121.147749,41.130879
765,湖北省武汉市,114.3162,30.581084
766,吉林省通化市,125.94265,41.736397
767,山西省长治市,113.120292,36.201664
768,陕西省西安市,108.953098,34.2778
769,辽宁省大连市,121.593478,38.94871
776,吉林省延吉市,129.471302,43.059667
777,江苏省苏州市,120.619907,31.317987
778,河北省邯郸市,114.482694,36.609308
779,甘肃省兰州市,103.823305,36.064226
780,内蒙古自治区赤峰市,118.930761,42.297112
782,广东省江门市,113.078125,22.575117
783,河北省石家庄市,114.522082,38.048958
785,湖北省武汉市,114.3162,30.581084
786,北京市,116.395645,39.929986
787,湖南省长沙市,112.979353,28.213478
788,重庆市,106.530635,29.544606
789,江西省上饶市,117.014413,28.703236
790,四川省成都市,104.067923,30.679943
791,甘肃省兰州市,103.823305,36.064226
792,青海省海西蒙古族藏族自治州,97.342625,37.373799
793,海南省海口市,110.330802,20.022071
795,山西省太原市,112.550864,37.890277
796,陕西省宝鸡市,107.170645,34.364081
797,福建省福州市,119.330221,26.047125
798,北京市,116.395645,39.929986
799,湖南省湘西土家族苗族自治州,109.745746,28.317951
800,吉林省长春市,125.313642,43.898338
801,四川省绵阳市,104.705519,31.504701
802,北京市,116.395645,39.929986
803,四川省南充市,106.105554,30.800965
805,江苏省常州市,119.981861,31.771397
806,广西壮族自治区北海市,109.122628,21.472718
807,云南省昆明市,102.714601,25.049153
809,四川省成都市,104.067923,30.679943
810,四川省遂宁市,105.564888,30.557491
811,山东省烟台市,121.309555,37.536562
812,陕西省西安市,108.953098,34.2778
813,新疆维吾尔自治区乌鲁木齐市,87.564988,43.84038
815,宁夏回族自治区银川市,106.206479,38.502621
816,江苏省盐城市,120.148872,33.379862
817,辽宁省盘锦市,122.073228,41.141248
818,辽宁省葫芦岛市,120.860758,40.74303
819,湖南省岳阳市,113.146196,29.378007
820,辽宁省凌海市,121.285575,41.152566
821,湖北省荆门市,113.112261,31.085752
822,山东省潍坊市,119.142634,36.716115
823,广东省汕头市,116.72865,23.383908
825,山西省太原市,112.550864,37.890277
826,湖北省宜昌市,111.310981,30.732758
827,辽宁省大连市,121.593478,38.94871
828,广东省东莞市,113.763434,23.043024
829,江西省赣州市,114.935909,25.845296
830,山东省聊城市,115.986869,36.455829
831,山西省运城市,111.006854,35.038859
832,黑龙江省哈尔滨市,126.657717,45.773225
833,广西壮族自治区贵港市,109.613708,23.103373
835,北京市,116.395645,39.929986
836,天津市,114.025974,22.546054
837,陕西省宝鸡市,107.170645,34.364081
838,四川省什邡市,104.019871,31.293694
839,北京市,116.395645,39.929986
848,河北省承德市,117.933822,40.992521
850,安徽省安庆市,117.058739,30.537898
851,贵州省贵阳市,106.709177,26.629907
852,湖北省武汉市,114.3162,30.581084
856,河北省唐山市,118.183451,39.650531
858,四川省宜宾市,104.633019,28.769675
859,安徽省合肥市,117.282699,31.866942
860,北京市,116.395645,39.929986
861,广东省茂名市,110.931245,21.668226
862,宁夏回族自治区吴忠市,106.208254,37.993561
863,辽宁省沈阳市,123.432791,41.808645
866,江苏省南京市,118.778074,32.057236
868,安徽省合肥市,117.282699,31.866942
869,山东省烟台市,121.309555,37.536562
875,吉林省长春市,125.313642,43.898338
876,四川省绵阳市,104.705519,31.504701
877,新疆维吾尔自治区乌鲁木齐市,87.564988,43.84038
878,云南省昆明市,102.714601,25.049153
880,山东省潍坊市,119.142634,36.716115
881,辽宁省大连市,121.593478,38.94871
882,北京市,116.395645,39.929986
883,湖北省武汉市,114.3162,30.581084
885,河南省洛阳市,112.447525,34.657368
886,海南省海口市,110.330802,20.022071
887,安徽省宣城市,118.752096,30.951642
888,四川省峨眉山市,103.400912,29.507004
889,河北省秦皇岛市,119.604368,39.945462
890,江苏省江阴市,120.310679,31.837425
892,重庆市,106.530635,29.544606
893,广东省广州市,113.30765,23.120049
895,河南省漯河市,114.046061,33.576279
897,天津市,114.025974,22.546054
898,辽宁省鞍山市,123.007763,41.118744
899,江西省南昌市,115.893528,28.689578
900,湖南省长沙市,112.979353,28.213478
901,黑龙江省哈尔滨市,126.657717,45.773225
902,北京市,116.395645,39.929986
903,云南省昆明市,102.714601,25.049153
905,福建省厦门市,118.103886,24.489231
906,湖南省长沙市,112.979353,28.213478
908,湖南省岳阳市,113.720846,28.762203
909,浙江省杭州市,120.219375,30.259244
910,江苏省丹阳市,119.644304,31.960263
911,广西壮族自治区南宁市,108.297234,22.806493
912,四川省泸州市,105.44397,28.89593
913,浙江省温岭市,121.421046,28.400554
915,山东省临沂市,118.417586,35.536723
916,北京市,116.395645,39.929986
917,湖南省长沙市,112.979353,28.213478
918,湖南省长沙市,112.979353,28.213478
919,江苏省南京市,118.778074,32.057236
920,贵州省贵阳市,106.709177,26.629907
921,广东省佛山市,114.025974,22.546054
922,黑龙江省哈尔滨市,126.657717,45.773225
923,河北省张家口市,114.893782,40.811188
925,浙江省杭州市,120.219375,30.259244
926,湖北省孝感市,113.935734,30.927955
927,天津市,114.025974,22.546054
928,吉林省吉林市,126.564544,43.871988
929,甘肃省兰州市,103.823305,36.064226
930,安徽省蚌埠市,117.35708,32.929499
931,北京市,116.395645,39.929986
932,湖南省长沙市,112.979353,28.213478
933,河南省商丘市,115.641886,34.438589
935,四川省江油市,104.933149,31.952427
936,江苏省江阴市,120.310679,31.837425
937,河北省邢台市,114.520487,37.069531
938,北京市,116.395645,39.929986
939,湖北省武汉市,114.3162,30.581084
948,云南省昆明市,102.714601,25.049153
949,河南省新乡市,113.91269,35.307258
950,重庆市,106.530635,29.544606
951,山东省济南市,117.024967,36.682785
952,湖北省黄冈市,114.906618,30.446109
953,广西壮族自治区河池市,108.069948,24.699521
955,海南省澄迈县,109.996736,19.693135
956,河南省濮阳市,115.026627,35.753298
957,山东省聊城市,115.986869,36.455829
958,河北省石家庄市,114.522082,38.048958
959,北京市,116.395645,39.929986
960,云南省昆明市,102.714601,25.049153
961,辽宁省大连市,121.593478,38.94871
962,宁夏回族自治区石嘴山市,106.379337,39.020223
963,浙江省杭州市,120.219375,30.259244
965,天津市,114.025974,22.546054
966,湖北省武汉市,114.3162,30.581084
967,浙江省绍兴市,120.592467,30.002365
968,山西省太原市,112.550864,37.890277
969,北京市,116.395645,39.929986
970,北京市,116.395645,39.929986
971,湖北省仙桃市,113.387448,30.293966
972,新疆维吾尔自治区乌鲁木齐市,87.564988,43.84038
973,广东省佛山市,114.025974,22.546054
975,重庆市,106.530635,29.544606
976,广东省江门市,113.078125,22.575117
977,山东省济南市,117.024967,36.682785
978,广西壮族自治区桂林市,110.26092,25.262901
979,安徽省宿州市,116.988692,33.636772
980,安徽省黄山市,118.29357,29.734435
981,甘肃省兰州市,103.823305,36.064226
982,宁夏回族自治区银川市,106.206479,38.502621
983,山西省太原市,112.550864,37.890277
985,黑龙江省大庆市,125.02184,46.596709
987,广东省广州市,113.30765,23.120049
988,湖北省武汉市,114.3162,30.581084
989,湖南省长沙市,112.979353,28.213478
990,江西省南昌市,115.893528,28.689578
993,福建省宁德市,119.542082,26.656527
995,甘肃省武威市,102.640147,37.933172
996,黑龙江省哈尔滨市,126.657717,45.773225
997,福建省福州市,119.330221,26.047125
998,湖南省长沙市,112.979353,28.213478
999,广东省深圳市,114.025974,22.546054
1696,四川省成都市,104.040899,30.459478
1896,河南省郑州市,113.649644,34.75661
2001,浙江省绍兴市,120.975702,29.414314
2002,江苏省扬州市,119.427778,32.408505
2003,浙江省临海市,121.221919,28.857389
2004,重庆市,106.530635,29.544606
2005,广东省珠海市,113.562447,22.256915
2006,浙江省绍兴市,120.572451,29.968789
2007,河南省新乡市,113.91269,35.307258
2008,广东省深圳市,114.025974,22.546054
2009,江苏省无锡市,120.305456,31.570037
2010,浙江省杭州市,120.219375,30.259244
2011,浙江省诸暨市,120.281434,29.6994
2012,浙江省丽水市,119.089342,28.52541
2013,湖北省襄阳市,112.250093,32.229169
2014,安徽省黄山市,118.29357,29.734435
2015,江苏省江阴市,120.310679,31.837425
2016,广东省珠海市,113.562447,22.256915
2017,广东省珠海市,113.562447,22.256915
2018,安徽省马鞍山市,117.216005,31.859252
2019,浙江省临安市,119.350295,30.207684
2020,浙江省绍兴市,120.975702,29.414314
2021,浙江省台州市,121.284426,28.179738
2022,上海市,121.487899,31.249162
2023,四川省成都市,104.067923,30.679943
2024,江苏省南京市,118.778074,32.057236
2025,贵州省遵义市,106.93126,27.699961
2026,山东省威海市,122.093958,37.528787
2027,广东省广州市,113.30765,23.120049
2028,上海市,121.487899,31.249162
2029,福建省晋江市,118.558651,24.729638
2030,广东省广州市,113.30765,23.120049
2031,广东省揭阳市,116.379501,23.547999
2032,浙江省台州市,121.284426,28.179738
2033,云南省丽江市,100.229628,26.875351
2034,浙江省湖州市,120.137243,30.877925
2035,广东省中山市,113.42206,22.545178
2036,浙江省宁波市,121.579006,29.885259
2037,贵州省贵阳市,106.709177,26.629907
2038,北京市,116.395645,39.929986
2039,贵州省贵阳市,106.709177,26.629907
2040,江苏省南京市,118.778074,32.057236
2041,山东省莱州市,120.001344,37.190401
2042,安徽省淮北市,116.791447,33.960023
2043,浙江省湖州市,120.049831,30.567583
2044,江苏省南通市,120.873801,32.014665
2045,广东省广州市,113.30765,23.120049
2046,河南省洛阳市,112.447525,34.657368
2047,广东省深圳市,114.025974,22.546054
2048,浙江省宁波市,121.858666,29.378771
2049,河北省唐山市,117.734753,39.818843
2050,浙江省绍兴市,120.975702,29.414314
2051,北京市,116.395645,39.929986
2052,广东省深圳市,114.025974,22.546054
2053,云南省昆明市,102.714601,25.049153
2054,广东省佛山市,114.025974,22.546054
2055,广东省深圳市,114.025974,22.546054
2056,浙江省东阳市,120.380818,29.237427
2057,安徽省马鞍山市,118.515882,31.688528
2058,上海市,121.487899,31.249162
2059,云南省昆明市,102.714601,25.049153
2060,广东省广州市,113.30765,23.120049
2061,浙江省衢州市,118.875842,28.95691
2062,浙江省宁波市,121.858666,29.378771
2063,广东省珠海市,113.562447,22.256915
2064,浙江省温州市,120.690635,28.002838
2065,北京市,116.395645,39.929986
2066,北京市,116.395645,39.929986
2067,浙江省平湖市,121.105839,30.716529
2068,江西省景德镇市,117.186523,29.303563
2069,辽宁省大连市,121.593478,38.94871
2070,福建省莆田市,119.077731,25.44845
2071,江苏省张家港市,120.627279,31.907812
2072,山东省德州市,116.328161,37.460826
2073,山东省青岛市,120.384428,36.105215
2074,江苏省南通市,120.873801,32.014665
2075,江苏省张家港市,120.627279,31.907812
2076,广东省佛山市,114.025974,22.546054
2077,江苏省镇江市,119.455835,32.204409
2078,山东省济宁市,116.600798,35.402122
2079,江苏省苏州市,120.619907,31.317987
2080,江苏省南京市,118.778074,32.057236
2081,江苏省苏州市,120.619907,31.317987
2082,浙江省湖州市,120.137243,30.877925
2083,山东省潍坊市,119.702512,36.387318
2084,广东省广州市,113.30765,23.120049
2085,浙江省绍兴市,120.975702,29.414314
2086,山东省烟台市,121.309555,37.536562
2087,河南省南阳市,112.415991,32.553441
2088,山东省淄博市,118.059134,36.804685
2089,江苏省苏州市,120.619907,31.317987
2090,江苏省南京市,118.778074,32.057236
2091,江苏省张家港市,120.627279,31.907812
2092,新疆维吾尔自治区乌鲁木齐市,87.564988,43.84038
2093,福建省福州市,119.330221,26.047125
2094,山东省青岛市,120.384428,36.105215
2095,浙江省杭州市,120.219375,30.259244
2096,湖南省永州市,111.716294,25.914933
2097,湖南省长沙市,112.979353,28.213478
2098,福建省晋江市,118.558651,24.729638
2099,浙江省台州市,121.440613,28.668283
2100,新疆维吾尔自治区乌鲁木齐市,87.564988,43.84038
2101,广东省肇庆市,112.479653,23.078663
2102,福建省泉州市,118.600362,24.901652
600000,上海市,121.487899,31.249162
600001,河北省邯郸市,114.482694,36.609308
600002,山东省淄博市,118.059134,36.804685
600003,吉林省长春市,125.313642,43.898338
600004,广东省广州市,113.30765,23.120049
600005,湖北省武汉市,114.3162,30.581084
600006,湖北省襄阳市,112.250093,32.229169
600007,北京市,116.395645,39.929986
600008,北京市,116.395645,39.929986
600009,上海市,121.487899,31.249162
600010,内蒙古自治区包头市,109.846239,40.647119
600011,北京市,116.395645,39.929986
600012,安徽省合肥市,117.282699,31.866942
600015,北京市,116.395645,39.929986
600016,北京市,116.395645,39.929986
600017,山东省日照市,119.50718,35.420225
600018,上海市,121.487899,31.249162
600018,上海市,121.487899,31.249162
600019,上海市,121.487899,31.249162
600020,河南省郑州市,113.649644,34.75661
600021,上海市,121.487899,31.249162
600022,山东省济南市,117.024967,36.682785
600026,上海市,121.487899,31.249162
600027,山东省济南市,117.024967,36.682785
600028,北京市,116.395645,39.929986
600029,广东省广州市,113.30765,23.120049
600030,广东省深圳市,114.025974,22.546054
600031,湖南省长沙市,112.979353,28.213478
600033,福建省福州市,119.330221,26.047125
600035,湖北省武汉市,114.3162,30.581084
600036,广东省深圳市,114.025974,22.546054
600037,北京市,116.395645,39.929986
600038,黑龙江省哈尔滨市,126.657717,45.773225
600039,四川省成都市,104.067923,30.679943
600048,广东省广州市,113.30765,23.120049
600050,北京市,116.395645,39.929986
600051,浙江省宁波市,121.579006,29.885259
600052,浙江省东阳市,120.380818,29.237427
600053,江西省南昌市,115.893528,28.689578
600054,安徽省黄山市,118.29357,29.734435
600055,北京市,116.395645,39.929986
600056,北京市,116.395645,39.929986
600057,福建省厦门市,118.103886,24.489231
600058,北京市,116.395645,39.929986
600059,浙江省绍兴市,120.592467,30.002365
600060,山东省青岛市,120.384428,36.105215
600061,上海市,121.487899,31.249162
600062,北京市,116.395645,39.929986
600063,安徽省巢湖市,117.88049,31.608733
600064,江苏省南京市,118.778074,32.057236
600065,黑龙江省大庆市,125.02184,46.596709
600066,河南省郑州市,113.649644,34.75661
600067,福建省福州市,119.330221,26.047125
600068,湖北省宜昌市,111.310981,30.732758
600069,河南省漯河市,114.046061,33.576279
600070,浙江省诸暨市,120.281434,29.6994
600071,江西省上饶市,117.955464,28.457623
600072,上海市,121.487899,31.249162
600073,上海市,121.487899,31.249162
600074,江苏省南京市,118.778074,32.057236
600075,新疆维吾尔自治区石河子市,86.041865,44.308259
600076,山东省潍坊市,119.142634,36.716115
600077,辽宁省沈阳市,123.432791,41.808645
600078,江苏省江阴市,120.310679,31.837425
600079,湖北省武汉市,114.3162,30.581084
600080,陕西省西安市,108.953098,34.2778
600081,上海市,121.487899,31.249162
600082,天津市,114.025974,22.546054
600083,四川省成都市,104.067923,30.679943
600084,新疆维吾尔自治区乌鲁木齐市,87.564988,43.84038
600085,北京市,116.395645,39.929986
600086,湖北省鄂州市,114.895594,30.384439
600087,江苏省南京市,118.778074,32.057236
600088,江苏省无锡市,120.305456,31.570037
600089,新疆维吾尔自治区昌吉市,87.073618,44.175083
600090,新疆维吾尔自治区乌鲁木齐市,87.564988,43.84038
600091,内蒙古自治区包头市,109.846239,40.647119
600092,陕西省西安市,108.953098,34.2778
600093,四川省成都市,104.067923,30.679943
600094,上海市,121.487899,31.249162
600095,黑龙江省哈尔滨市,126.657717,45.773225
600096,云南省昭通市,104.228833,28.51093
600097,浙江省杭州市,120.219375,30.259244
600098,广东省广州市,113.30765,23.120049
600099,江苏省泰州市,119.919606,32.476053
600100,北京市,116.395645,39.929986
600101,四川省遂宁市,105.564888,30.557491
600102,山东省莱芜市,117.684667,36.233654
600103,福建省福州市,119.330221,26.047125
600104,上海市,121.487899,31.249162
600105,江苏省苏州市,120.619907,31.317987
600106,重庆市,106.530635,29.544606
600107,湖北省黄石市,115.050683,30.216127
600108,甘肃省兰州市,103.823305,36.064226
600109,四川省成都市,104.067923,30.679943
600110,吉林省长春市,125.313642,43.898338
600111,内蒙古自治区包头市,109.846239,40.647119
600112,贵州省遵义市,106.93126,27.699961
600113,浙江省温州市,120.690635,28.002838
600114,浙江省宁波市,121.579006,29.885259
600115,上海市,121.487899,31.249162
600116,重庆市,106.530635,29.544606
600117,青海省西宁市,101.767921,36.640739
600118,北京市,116.395645,39.929986
600119,上海市,121.487899,31.249162
600120,浙江省杭州市,120.219375,30.259244
600121,河南省郑州市,113.649644,34.75661
600122,江苏省南京市,118.778074,32.057236
600123,山西省晋城市,112.867333,35.499834
600125,辽宁省大连市,121.593478,38.94871
600126,浙江省杭州市,120.219375,30.259244
600127,湖南省常德市,111.653718,29.012149
600128,江苏省南京市,118.778074,32.057236
600129,重庆市,106.530635,29.544606
600130,浙江省宁波市,121.579006,29.885259
600131,四川省阿坝州,102.228565,31.905763
600132,重庆市,106.530635,29.544606
600133,湖北省武汉市,114.3162,30.581084
600135,河北省保定市,115.49481,38.886565
600136,湖北省武汉市,114.3162,30.581084
600137,四川省宜宾市,104.633019,28.769675
600138,北京市,116.395645,39.929986
600139,四川省德阳市,104.402398,31.13114
600141,湖北省宜昌市,110.824406,31.31935
600143,广东省广州市,113.30765,23.120049
600145,重庆市,106.530635,29.544606
600146,宁夏回族自治区银川市,106.206479,38.502621
600148,吉林省长春市,125.313642,43.898338
600149,河北省邢台市,114.520487,37.069531
600150,上海市,121.487899,31.249162
600151,上海市,121.487899,31.249162
600152,浙江省宁波市,121.579006,29.885259
600153,福建省厦门市,118.103886,24.489231
600155,河北省保定市,115.49481,38.886565
600156,湖南省长沙市,112.979353,28.213478
600157,山东省泰安市,117.089415,36.188078
600158,天津市,114.025974,22.546054
600159,内蒙古自治区赤峰市,118.905499,41.571041
600160,浙江省衢州市,118.875842,28.95691
600161,北京市,116.395645,39.929986
600162,山东省临沂市,118.340768,35.072409
600163,福建省南平市,118.181883,26.643626
600165,宁夏回族自治区石嘴山市,106.379337,39.020223
600166,北京市,116.395645,39.929986
600167,辽宁省沈阳市,123.432791,41.808645
600168,湖北省武汉市,114.3162,30.581084
600169,山西省太原市,112.550864,37.890277
600170,上海市,121.487899,31.249162
600171,上海市,121.487899,31.249162
600172,河南省长葛市,113.855568,34.236601
600173,黑龙江省牡丹江市,129.608035,44.588521
600175,海南省海口市,110.330802,20.022071
600176,北京市,116.395645,39.929986
600177,浙江省宁波市,121.579006,29.885259
600178,黑龙江省哈尔滨市,126.657717,45.773225
600179,黑龙江省齐齐哈尔市,123.987289,47.3477
600180,山东省烟台市,121.309555,37.536562
600181,云南省昆明市,102.714601,25.049153
600182,黑龙江省牡丹江市,129.608035,44.588521
600183,广东省东莞市,113.763434,23.043024
600184,湖北省襄阳市,112.250093,32.229169
600185,陕西省西安市,108.953098,34.2778
600186,河南省周口市,114.654102,33.623741
600187,黑龙江省齐齐哈尔市,123.987289,47.3477
600188,山东省济宁市,116.600798,35.402122
600189,吉林省长春市,125.313642,43.898338
600190,辽宁省锦州市,121.147749,41.130879
600191,内蒙古自治区包头市,109.846239,40.647119
600192,甘肃省兰州市,103.823305,36.064226
600193,福建省厦门市,118.103886,24.489231
600195,北京市,116.395645,39.929986
600196,上海市,121.487899,31.249162
600197,新疆维吾尔自治区伊犁哈萨克自治州新源县,83.55815,43.376951
600198,北京市,116.395645,39.929986
600199,安徽省阜阳市,115.820932,32.901211
600200,江苏省苏州市,120.619907,31.317987
600201,内蒙古自治区呼和浩特市,111.660351,40.828319
600202,黑龙江省哈尔滨市,126.657717,45.773225
600203,福建省福州市,119.330221,26.047125
600205,山东省淄博市,118.059134,36.804685
600206,北京市,116.395645,39.929986
600207,河南省郑州市,113.649644,34.75661
600208,浙江省嘉兴市,120.760428,30.773992
600209,海南省海口市,110.330802,20.022071
600210,上海市,121.487899,31.249162
600211,西藏自治区拉萨市,91.111891,29.662557
600212,山东省临沂市,118.340768,35.072409
600213,江苏省扬州市,119.427778,32.408505
600215,吉林省长春市,125.313642,43.898338
600216,浙江省杭州市,120.219375,30.259244
600217,陕西省铜川市,108.968067,34.908368
600218,安徽省滁州市,118.105778,32.069933
600219,山东省龙口市,120.5228,37.610401
600220,江苏省江阴市,120.310679,31.837425
600221,海南省海口市,110.330802,20.022071
600222,河南省郑州市,113.649644,34.75661
600223,山东省淄博市,118.059134,36.804685
600225,福建省福清市,119.377547,25.638121
600226,浙江省湖州市,120.137243,30.877925
600227,贵州省贵阳市,106.709177,26.629907
600228,江西省南昌市,115.893528,28.689578
600229,山东省青岛市,120.384428,36.105215
600230,河北省沧州市,116.863806,38.297615
600231,辽宁省朝阳市,120.446163,41.571828
600232,浙江省舟山市,122.169872,30.03601
600233,辽宁省大连市,121.593478,38.94871
600234,山西省太原市,112.550864,37.890277
600235,浙江省嘉兴市,120.760428,30.773992
600236,广西壮族自治区南宁市,108.297234,22.806493
600237,安徽省铜陵市,117.819429,30.94093
600238,海南省海口市,110.330802,20.022071
600239,云南省红河哈尼族彝族自治州开远市,101.592952,24.864213
600240,内蒙古自治区呼和浩特市,111.660351,40.828319
600241,辽宁省大连市,121.593478,38.94871
600242,广东省阳江市,111.97701,21.871517
600243,青海省西宁市,101.767921,36.640739
600246,北京市,116.395645,39.929986
600247,吉林省吉林市,126.564544,43.871988
600248,陕西省西安市,108.953098,34.2778
600249,广西壮族自治区柳州市,109.422402,24.329053
600250,江苏省南京市,118.778074,32.057236
600251,新疆维吾尔自治区巴音郭楞蒙古自治州库尔勒市,85.709418,41.7055
600252,广西壮族自治区梧州市,111.305472,23.485395
600253,河南省驻马店市,114.049154,32.983158
600255,安徽省芜湖市,118.384108,31.36602
600256,新疆维吾尔自治区乌鲁木齐市,87.564988,43.84038
600257,湖南省常德市,111.653718,29.012149
600258,北京市,116.395645,39.929986
600259,海南省海口市,110.330802,20.022071
600260,湖北省荆州市,112.153618,29.95713
600261,浙江省绍兴市,120.592467,30.002365
600262,内蒙古自治区包头市,109.846239,40.647119
600263,北京市,116.395645,39.929986
600265,云南省普洱市,100.980058,22.788778
600266,北京市,116.395645,39.929986
600267,浙江省台州市,121.440613,28.668283
600268,江苏省南京市,118.778074,32.057236
600269,江西省南昌市,115.893528,28.689578
600270,北京市,116.395645,39.929986
600271,北京市,116.395645,39.929986
600272,上海市,121.487899,31.249162
600273,江苏省张家港市,120.627279,31.907812
600275,湖北省鄂州市,114.895594,30.384439
600276,江苏省连云港市,119.173872,34.601549
600277,内蒙古自治区鄂尔多斯市,109.993706,39.81649
600278,上海市,121.487899,31.249162
600279,重庆市,106.530635,29.544606
600280,江苏省南京市,118.778074,32.057236
600281,山西省太原市,112.550864,37.890277
600282,江苏省南京市,118.778074,32.057236
600283,浙江省杭州市,120.219375,30.259244
600284,上海市,121.487899,31.249162
600285,河南省信阳市,114.859089,31.646279
600286,湖南省醴陵市,113.470625,27.662279
600287,江苏省南京市,118.778074,32.057236
600288,北京市,116.395645,39.929986
600289,黑龙江省哈尔滨市,126.657717,45.773225
600290,江苏省苏州市,120.619907,31.317987
600291,内蒙古自治区乌海市,106.831999,39.683177
600292,重庆市,106.530635,29.544606
600293,湖北省宜昌市,111.310981,30.732758
600295,内蒙古自治区鄂尔多斯市,109.993706,39.81649
600296,甘肃省兰州市,103.823305,36.064226
600297,辽宁省大连市,121.593478,38.94871
600298,湖北省宜昌市,111.310981,30.732758
600299,北京市,116.395645,39.929986
600300,江苏省徐州市,117.188107,34.271553
600301,广西壮族自治区南宁市,108.297234,22.806493
600302,陕西省西安市,108.953098,34.2778
600303,辽宁省丹东市,124.338543,40.129023
600305,江苏省镇江市,119.455835,32.204409
600306,辽宁省沈阳市,123.432791,41.808645
600307,甘肃省嘉峪关市,98.281635,39.802397
600308,山东省东营市,118.538569,37.162071
600309,山东省烟台市,121.309555,37.536562
600310,广西壮族自治区贺州市,111.552594,24.411054
600311,甘肃省武威市,102.640147,37.933172
600312,河南省平顶山市,113.300849,33.745301
600313,北京市,116.395645,39.929986
600315,上海市,121.487899,31.249162
600316,江西省南昌市,115.893528,28.689578
600317,辽宁省营口市,122.233391,40.668651
600318,安徽省巢湖市,117.88049,31.608733
600319,山东省潍坊市,119.142634,36.716115
600320,上海市,121.487899,31.249162
600321,四川省成都市,104.067923,30.679943
600322,天津市,114.025974,22.546054
600323,广东省佛山市,114.025974,22.546054
600325,广东省珠海市,113.562447,22.256915
600326,西藏自治区拉萨市,91.111891,29.662557
600327,江苏省无锡市,120.305456,31.570037
600328,内蒙古自治区阿拉善左旗,105.038247,39.547806
600329,天津市,114.025974,22.546054
600330,浙江省海宁市,120.618727,30.442177
600331,四川省什邡市,104.019871,31.293694
600332,广东省广州市,113.30765,23.120049
600333,吉林省长春市,125.313642,43.898338
600335,天津市,114.025974,22.546054
600336,山东省青岛市,120.384428,36.105215
600337,新疆维吾尔自治区乌鲁木齐市,87.564988,43.84038
600338,西藏自治区拉萨市,91.111891,29.662557
600339,新疆维吾尔自治区克拉玛依市,84.88118,45.594331
600340,浙江省绍兴市,120.592467,30.002365
600343,陕西省西安市,108.953098,34.2778
600345,湖北省武汉市,114.3162,30.581084
600346,辽宁省大连市,121.593478,38.94871
600348,山西省阳泉市,113.569238,37.869529
600350,山东省济南市,117.024967,36.682785
600351,山西省运城市,110.616496,34.709535
600352,浙江省绍兴市,120.592467,30.002365
600353,四川省成都市,104.067923,30.679943
600354,甘肃省酒泉市,98.508415,39.741474
600355,湖北省武汉市,114.3162,30.581084
600356,黑龙江省牡丹江市,129.608035,44.588521
600357,河北省承德市,117.933822,40.992521
600358,江苏省南京市,118.778074,32.057236
600359,新疆维吾尔自治区阿拉尔市,81.291737,40.61568
600360,吉林省吉林市,126.564544,43.871988
600361,北京市,116.395645,39.929986
600362,江西省鹰潭市,117.03545,28.24131
600363,江西省南昌市,115.893528,28.689578
600365,吉林省通化市,125.94265,41.736397
600366,浙江省宁波市,121.579006,29.885259
600367,贵州省安顺地区镇宁县,105.833553,25.844353
600368,广西壮族自治区南宁市,108.297234,22.806493
600369,重庆市,106.530635,29.544606
600370,江苏省江阴市,120.310679,31.837425
600371,黑龙江省哈尔滨市,126.657717,45.773225
600372,江西省景德镇市,117.186523,29.303563
600373,江西省上饶市,117.955464,28.457623
600375,安徽省马鞍山市,118.515882,31.688528
600376,北京市,116.395645,39.929986
600377,江苏省南京市,118.778074,32.057236
600378,四川省成都市,104.067923,30.679943
600379,陕西省宝鸡市,107.170645,34.364081
600380,广东省深圳市,114.025974,22.546054
600381,青海省西宁市,101.767921,36.640739
600382,广东省梅州市,116.126403,24.304571
600383,广东省深圳市,114.025974,22.546054
600385,山东省济南市,117.024967,36.682785
600386,北京市,116.395645,39.929986
600387,浙江省诸暨市,120.281434,29.6994
600388,福建省龙岩市,117.017997,25.078685
600389,江苏省南通市,120.873801,32.014665
600390,湖南省长沙市,112.979353,28.213478
600391,四川省成都市,104.067923,30.679943
600392,山西省太原市,112.550864,37.890277
600393,广东省广州市,113.30765,23.120049
600395,贵州省六盘水市,104.852087,26.591866
600396,辽宁省沈阳市,123.432791,41.808645
600397,江西省萍乡市,113.859917,27.639544
600398,江苏省江阴市,120.310679,31.837425
600399,辽宁省抚顺市,123.92982,41.877304
600400,江苏省无锡市,120.305456,31.570037
600401,江苏省江阴市,120.310679,31.837425
600403,江苏省南京市,118.778074,32.057236
600405,北京市,116.395645,39.929986
600406,江苏省南京市,118.778074,32.057236
600408,山西省晋中市,112.738514,37.693362
600409,河北省唐山市,118.183451,39.650531
600410,北京市,116.395645,39.929986
600415,浙江省义乌市,120.067296,29.306444
600416,湖南省湘潭市,112.935556,27.835095
600418,安徽省合肥市,117.282699,31.866942
600419,新疆维吾尔自治区石河子市,86.041865,44.308259
600420,上海市,121.487899,31.249162
600421,湖北省武汉市,114.3162,30.581084
600422,云南省昆明市,102.714601,25.049153
600423,广西壮族自治区柳州市,109.422402,24.329053
600425,新疆维吾尔自治区阿克苏市,81.156013,40.349444
600426,山东省德州市,116.328161,37.460826
600428,广东省广州市,113.30765,23.120049
600429,北京市,116.395645,39.929986
600432,吉林省磐石市,126.174628,43.057456
600433,广东省湛江市,110.365067,21.257463
600435,北京市,116.395645,39.929986
600436,福建省漳州市,117.676205,24.517065
600438,四川省成都市,104.067923,30.679943
600439,河南省许昌市,113.835312,34.02674
600444,安徽省合肥市,117.282699,31.866942
600446,广东省深圳市,114.025974,22.546054
600448,山东省滨州市,117.968292,37.405314
600449,宁夏回族自治区银川市,106.206479,38.502621
600452,重庆市,106.530635,29.544606
600455,陕西省西安市,108.953098,34.2778
600456,陕西省宝鸡市,107.170645,34.364081
600458,湖南省株洲市,113.131695,27.827433
600459,云南省昆明市,102.714601,25.049153
600460,浙江省杭州市,120.219375,30.259244
600461,江西省南昌市,115.893528,28.689578
600462,吉林省图们市,129.834311,43.030549
600463,北京市,116.395645,39.929986
600466,四川省成都市,104.067923,30.679943
600467,山东省威海市,122.093958,37.528787
600468,天津市,114.025974,22.546054
600469,河南省焦作市,113.211836,35.234608
600470,安徽省铜陵市,117.819429,30.94093
600472,内蒙古自治区包头市,109.846239,40.647119
600475,江苏省无锡市,120.305456,31.570037
600476,湖南省长沙市,112.979353,28.213478
600477,浙江省杭州市,120.219375,30.259244
600478,湖南省长沙市,112.979353,28.213478
600479,湖南省株洲市,113.131695,27.827433
600480,河北省保定市,115.49481,38.886565
600481,江苏省江阴市,120.310679,31.837425
600482,河北省保定市,115.49481,38.886565
600483,福建省南平市,118.181883,26.643626
600485,北京市,116.395645,39.929986
600486,江苏省扬州市,119.427778,32.408505
600487,江苏省苏州市,120.619907,31.317987
600488,天津市,114.025974,22.546054
600489,天津市,114.025974,22.546054
600490,上海市,121.487899,31.249162
600491,浙江省宁波市,121.858666,29.378771
600493,福建省晋江市,118.558651,24.729638
600495,山西省太原市,112.550864,37.890277
600496,安徽省六安市,116.505253,31.755558
600497,云南省曲靖市,103.468544,26.462218
600498,湖北省武汉市,114.3162,30.581084
600499,广东省佛山市,114.025974,22.546054
600500,北京市,116.395645,39.929986
600501,江苏省南京市,118.778074,32.057236
600502,安徽省蚌埠市,117.35708,32.929499
600503,福建省福州市,119.330221,26.047125
600505,四川省西昌市,102.117888,27.863377
600506,新疆维吾尔自治区巴音郭楞蒙古自治州库尔勒市,85.709418,41.7055
600507,江西省南昌市,115.893528,28.689578
600508,上海市,121.487899,31.249162
600509,新疆维吾尔自治区石河子市,86.041865,44.308259
600510,江苏省常州市,119.981861,31.771397
600511,北京市,116.395645,39.929986
600512,浙江省台州市,121.440613,28.668283
600513,江苏省扬州市,119.427778,32.408505
600515,海南省海口市,110.330802,20.022071
600516,甘肃省兰州市,103.823305,36.064226
600517,上海市,121.487899,31.249162
600518,广东省普宁市,116.078166,23.288954
600519,贵州省遵义市,106.93126,27.699961
600520,安徽省铜陵市,117.819429,30.94093
600521,浙江省临海市,121.221919,28.857389
600522,江苏省南通市,121.059244,32.387662
600523,贵州省贵阳市,106.709177,26.629907
600525,广东省深圳市,114.025974,22.546054
600526,浙江省诸暨市,120.281434,29.6994
600527,江苏省苏州市,120.619907,31.317987
600528,四川省成都市,104.067923,30.679943
600529,山东省淄博市,118.203972,36.135642
600530,上海市,121.487899,31.249162
600531,河南省济源市,112.405268,35.105365
600532,山东省泰安市,117.089415,36.188078
600533,江苏省南京市,118.778074,32.057236
600535,天津市,114.025974,22.546054
600536,北京市,116.395645,39.929986
600537,浙江省慈溪市,121.338408,30.189257
600538,广西壮族自治区北海市,109.122628,21.472718
600539,山西省太原市,112.550864,37.890277
600540,新疆维吾尔自治区博尔塔拉蒙古自治州博乐市,81.874285,44.844209
600543,甘肃省兰州市,103.823305,36.064226
600545,新疆维吾尔自治区乌鲁木齐市,87.564988,43.84038
600546,吉林省吉林市,126.564544,43.871988
600547,山东省济南市,117.024967,36.682785
600548,广东省深圳市,114.025974,22.546054
600549,福建省厦门市,118.103886,24.489231
600550,河北省保定市,115.49481,38.886565
600551,安徽省合肥市,117.282699,31.866942
600552,安徽省蚌埠市,117.35708,32.929499
600553,河北省邯郸市,114.482694,36.609308
600555,上海市,121.487899,31.249162
600556,广西壮族自治区北海市,109.122628,21.472718
600557,江苏省连云港市,119.173872,34.601549
600558,四川省自贡市,104.776071,29.359157
600559,河北省衡水市,115.686229,37.746929
600560,北京市,116.395645,39.929986
600561,江西省南昌市,115.893528,28.689578
600562,江苏省南京市,118.778074,32.057236
600563,福建省厦门市,118.103886,24.489231
600565,重庆市,106.530635,29.544606
600566,湖北省荆州市,112.241866,30.332591
600567,安徽省马鞍山市,118.515882,31.688528
600568,湖北省潜江市,112.768768,30.343116
600569,河南省安阳市,114.351807,36.110267
600570,浙江省杭州市,120.219375,30.259244
600571,浙江省杭州市,120.219375,30.259244
600572,浙江省兰溪市,119.533338,29.284103
600573,福建省泉州市,118.809473,24.991871
600575,安徽省芜湖市,118.384108,31.36602
600576,江苏省无锡市,120.305456,31.570037
600577,安徽省铜陵市,117.819429,30.94093
600578,北京市,116.395645,39.929986
600579,山东省青岛市,120.384428,36.105215
600580,浙江省绍兴市,120.592467,30.002365
600581,新疆维吾尔自治区乌鲁木齐市,87.564988,43.84038
600582,北京市,116.395645,39.929986
600583,天津市,114.025974,22.546054
600584,江苏省江阴市,120.310679,31.837425
600585,安徽省芜湖市,118.384108,31.36602
600586,山东省淄博市,118.059134,36.804685
600587,山东省淄博市,118.059134,36.804685
600588,北京市,116.395645,39.929986
600589,广东省揭阳市,116.379501,23.547999
600590,江西省南昌市,115.893528,28.689578
600591,上海市,121.487899,31.249162
600592,福建省漳州市,117.676205,24.517065
600593,辽宁省大连市,121.593478,38.94871
600594,贵州省贵阳市,106.709177,26.629907
600595,河南省巩义市,113.03959,34.703799
600596,浙江省杭州市,120.219375,30.259244
600597,上海市,121.487899,31.249162
600598,黑龙江省哈尔滨市,126.657717,45.773225
600599,湖南省浏阳市,113.721985,28.234472
600600,山东省青岛市,120.384428,36.105215
600601,上海市,121.487899,31.249162
600602,上海市,121.487899,31.249162
600603,上海市,121.487899,31.249162
600604,上海市,121.487899,31.249162
600605,上海市,121.487899,31.249162
600606,上海市,121.487899,31.249162
600607,上海市,121.487899,31.249162
600608,上海市,121.487899,31.249162
600609,辽宁省沈阳市,123.432791,41.808645
600610,上海市,121.487899,31.249162
600611,上海市,121.487899,31.249162
600612,上海市,121.487899,31.249162
600613,上海市,121.487899,31.249162
600614,上海市,121.487899,31.249162
600615,上海市,121.487899,31.249162
600616,上海市,121.487899,31.249162
600617,上海市,121.487899,31.249162
600618,上海市,121.487899,31.249162
600619,上海市,121.487899,31.249162
600620,上海市,121.487899,31.249162
600621,上海市,121.487899,31.249162
600622,上海市,121.487899,31.249162
600623,上海市,121.487899,31.249162
600624,上海市,121.487899,31.249162
600625,上海市,121.487899,31.249162
600626,上海市,121.487899,31.249162
600627,上海市,121.487899,31.249162
600628,上海市,121.487899,31.249162
600629,上海市,121.487899,31.249162
600630,上海市,121.487899,31.249162
600631,上海市,121.487899,31.249162
600632,上海市,121.487899,31.249162
600633,上海市,121.487899,31.249162
600634,上海市,121.487899,31.249162
600635,上海市,121.487899,31.249162
600636,上海市,121.487899,31.249162
600637,上海市,121.487899,31.249162
600638,上海市,121.487899,31.249162
600639,上海市,121.487899,31.249162
600640,上海市,121.487899,31.249162
600641,上海市,121.487899,31.249162
600642,上海市,121.487899,31.249162
600643,上海市,121.487899,31.249162
600644,四川省乐山市,103.760824,29.600958
600645,上海市,121.487899,31.249162
600646,上海市,121.487899,31.249162
600647,上海市,121.487899,31.249162
600648,上海市,121.487899,31.249162
600649,上海市,121.487899,31.249162
600650,上海市,121.487899,31.249162
600651,上海市,121.487899,31.249162
600652,上海市,121.487899,31.249162
600653,上海市,121.487899,31.249162
600654,上海市,121.487899,31.249162
600655,上海市,121.487899,31.249162
600656,上海市,121.487899,31.249162
600657,北京市,116.395645,39.929986
600658,北京市,116.395645,39.929986
600659,福建省福州市,119.330221,26.047125
600660,福建省福清市,119.377547,25.638121
600661,上海市,121.487899,31.249162
600662,上海市,121.487899,31.249162
600663,上海市,121.487899,31.249162
600664,黑龙江省哈尔滨市,126.657717,45.773225
600665,上海市,121.487899,31.249162
600666,重庆市,106.530635,29.544606
600667,江苏省无锡市,120.305456,31.570037
600668,浙江省金华市,119.652576,29.102899
600669,辽宁省鞍山市,123.007763,41.118744
600670,吉林省长春市,125.313642,43.898338
600671,浙江省临安县,119.350295,30.207684
600672,四川省广汉市,104.298476,31.006481
600673,四川省成都市,104.067923,30.679943
600674,四川省峨眉山市,103.400912,29.507004
600675,上海市,121.487899,31.249162
600676,上海市,121.487899,31.249162
600677,浙江省杭州市,120.219375,30.259244
600678,四川省峨眉山市,103.400912,29.507004
600679,上海市,121.487899,31.249162
600680,上海市,121.487899,31.249162
600681,湖北省武汉市,114.3162,30.581084
600682,江苏省南京市,118.778074,32.057236
600683,浙江省宁波市,121.579006,29.885259
600684,广东省广州市,113.30765,23.120049
600685,广东省广州市,113.30765,23.120049
600686,福建省厦门市,118.103886,24.489231
600687,福建省厦门市,118.103886,24.489231
600688,上海市,121.487899,31.249162
600689,上海市,121.487899,31.249162
600690,山东省青岛市,120.384428,36.105215
600691,四川省自贡市,104.776071,29.359157
600692,上海市,121.487899,31.249162
600693,福建省福州市,119.330221,26.047125
600694,辽宁省大连市,121.593478,38.94871
600695,上海市,121.487899,31.249162
600696,福建省泉州市,118.600362,24.901652
600697,吉林省长春市,125.313642,43.898338
600698,山东省济南市,117.024967,36.682785
600699,吉林省辽源市,125.133686,42.923303
600700,陕西省西安市,108.953098,34.2778
600701,黑龙江省哈尔滨市,126.657717,45.773225
600702,四川省遂宁市,105.388245,30.908079
600703,湖北省荆州市,112.241866,30.332591
600704,浙江省杭州市,120.219375,30.259244
600705,黑龙江省哈尔滨市,126.657717,45.773225
600706,陕西省西安市,108.953098,34.2778
600707,陕西省西安市,108.953098,34.2778
600708,上海市,121.487899,31.249162
600709,辽宁省沈阳市,123.432791,41.808645
600710,江苏省常州市,119.981861,31.771397
600711,福建省厦门市,118.103886,24.489231
600712,广西壮族自治区南宁市,108.297234,22.806493
600713,江苏省南京市,118.778074,32.057236
600714,青海省西宁市,101.767921,36.640739
600715,辽宁省沈阳市,123.432791,41.808645
600716,河北省秦皇岛市,119.604368,39.945462
600717,天津市,114.025974,22.546054
600718,辽宁省沈阳市,123.432791,41.808645
600719,辽宁省大连市,121.593478,38.94871
600720,甘肃省兰州市,103.823305,36.064226
600721,新疆维吾尔自治区乌鲁木齐市,87.564988,43.84038
600722,河北省沧州市,116.863806,38.297615
600723,北京市,116.395645,39.929986
600724,浙江省余姚市,121.152779,29.996457
600725,云南省曲靖市,103.782539,25.520758
600726,黑龙江省哈尔滨市,126.657717,45.773225
600727,山东省滨州市,117.797782,37.942568
600728,辽宁省大连市,121.593478,38.94871
600729,重庆市,106.530635,29.544606
600730,上海市,121.487899,31.249162
600731,湖南省长沙市,112.979353,28.213478
600732,上海市,121.487899,31.249162
600733,四川省成都市,104.067923,30.679943
600734,福建省福州市,119.330221,26.047125
600735,山东省临沂市,118.340768,35.072409
600736,江苏省苏州市,120.619907,31.317987
600737,新疆维吾尔自治区昌吉市,87.073618,44.175083
600738,甘肃省兰州市,103.823305,36.064226
600739,辽宁省大连市,121.593478,38.94871
600740,山西省临汾市,111.659378,36.325514
600741,上海市,121.487899,31.249162
600742,吉林省长春市,125.313642,43.898338
600743,湖北省潜江市,112.768768,30.343116
600744,湖南省长沙市,112.979353,28.213478
600745,湖北省黄石市,115.050683,30.216127
600746,江苏省镇江市,119.455835,32.204409
600747,辽宁省大连市,121.593478,38.94871
600748,上海市,121.487899,31.249162
600749,西藏自治区拉萨市,91.111891,29.662557
600750,江西省景德镇市,117.186523,29.303563
600751,天津市,114.025974,22.546054
600752,黑龙江省哈尔滨市,126.657717,45.773225
600753,河南省商丘市,115.178414,34.696117
600754,上海市,121.487899,31.249162
600755,福建省厦门市,118.103886,24.489231
600756,山东省泰安市,117.089415,36.188078
600757,上海市,121.487899,31.249162
600758,辽宁省沈阳市,123.432791,41.808645
600759,海南省海口市,110.330802,20.022071
600760,山东省威海市,122.093958,37.528787
600761,安徽省合肥市,117.282699,31.866942
600762,湖南省衡阳市,112.583819,26.898164
600763,北京市,116.395645,39.929986
600764,甘肃省兰州市,103.823305,36.064226
600765,贵州省贵阳市,106.709177,26.629907
600766,山东省烟台市,121.309555,37.536562
600767,福建省福州市,119.330221,26.047125
600768,浙江省宁波市,121.579006,29.885259
600769,湖北省武汉市,114.3162,30.581084
600770,江苏省南通市,120.873801,32.014665
600771,青海省黄南藏族自治州,102.0076,35.522852
600772,河北省廊坊市,116.703602,39.518611
600773,西藏自治区拉萨市,91.111891,29.662557
600774,湖北省武汉市,114.3162,30.581084
600775,江苏省南京市,118.778074,32.057236
600776,浙江省杭州市,120.219375,30.259244
600777,山东省烟台市,121.309555,37.536562
600778,新疆维吾尔自治区乌鲁木齐市,87.564988,43.84038
600779,四川省成都市,104.067923,30.679943
600780,山西省太原市,112.550864,37.890277
600781,上海市,121.487899,31.249162
600782,江西省新余市,114.947117,27.822322
600783,山东省淄博市,118.059134,36.804685
600784,山东省济南市,117.024967,36.682785
600785,宁夏回族自治区银川市,106.206479,38.502621
600786,四川省自贡市,104.776071,29.359157
600787,天津市,114.025974,22.546054
600788,陕西省西安市,108.953098,34.2778
600789,山东省济宁市,116.600798,35.402122
600790,浙江省绍兴市,120.572451,29.968789
600791,贵州省贵阳市,106.709177,26.629907
600792,云南省曲靖市,103.782539,25.520758
600793,四川省宜宾市,104.633019,28.769675
600794,云南省大理市,100.219209,25.693967
600795,辽宁省大连市,121.593478,38.94871
600796,浙江省海宁市,120.618727,30.442177
600797,浙江省绍兴市,120.592467,30.002365
600798,浙江省宁波市,121.579006,29.885259
600799,黑龙江省哈尔滨市,126.657717,45.773225
600800,天津市,114.025974,22.546054
600801,湖北省黄石市,115.050683,30.216127
600802,福建省福州市,119.330221,26.047125
600803,河北省石家庄市,114.522082,38.048958
600804,四川省成都市,104.067923,30.679943
600805,江苏省盐城市,120.148872,33.379862
600806,云南省昆明市,102.714601,25.049153
600807,山东省济南市,117.024967,36.682785
600808,安徽省马鞍山市,118.515882,31.688528
600809,山西省吕梁市,111.143157,37.527316
600810,河南省平顶山市,113.300849,33.745301
600811,黑龙江省哈尔滨市,126.657717,45.773225
600812,河北省石家庄市,114.522082,38.048958
600813,辽宁省鞍山市,123.007763,41.118744
600814,浙江省杭州市,120.219375,30.259244
600815,福建省厦门市,118.103886,24.489231
600816,辽宁省鞍山市,123.007763,41.118744
600817,上海市,121.487899,31.249162
600818,上海市,121.487899,31.249162
600819,上海市,121.487899,31.249162
600820,上海市,121.487899,31.249162
600821,天津市,114.025974,22.546054
600822,上海市,121.487899,31.249162
600823,上海市,121.487899,31.249162
600824,上海市,121.487899,31.249162
600825,上海市,121.487899,31.249162
600826,上海市,121.487899,31.249162
600827,上海市,121.487899,31.249162
600828,四川省成都市,104.067923,30.679943
600829,黑龙江省哈尔滨市,126.657717,45.773225
600830,浙江省宁波市,121.579006,29.885259
600831,陕西省西安市,108.953098,34.2778
600832,上海市,121.487899,31.249162
600833,上海市,121.487899,31.249162
600834,上海市,121.487899,31.249162
600835,上海市,121.487899,31.249162
600836,上海市,121.487899,31.249162
600837,上海市,121.487899,31.249162
600838,上海市,121.487899,31.249162
600839,四川省绵阳市,104.705519,31.504701
600840,浙江省绍兴市,120.592467,30.002365
600841,上海市,121.487899,31.249162
600842,上海市,121.487899,31.249162
600843,上海市,121.487899,31.249162
600844,上海市,121.487899,31.249162
600845,上海市,121.487899,31.249162
600846,上海市,121.487899,31.249162
600847,重庆市,106.530635,29.544606
600848,上海市,121.487899,31.249162
600849,上海市,121.487899,31.249162
600850,上海市,121.487899,31.249162
600851,上海市,121.487899,31.249162
600852,四川省成都市,104.067923,30.679943
600853,黑龙江省齐齐哈尔市,123.987289,47.3477
600854,江苏省泰州市,119.919606,32.476053
600855,北京市,116.395645,39.929986
600856,吉林省长春市,125.313642,43.898338
600857,浙江省宁波市,121.579006,29.885259
600858,山东省济南市,117.024967,36.682785
600859,北京市,116.395645,39.929986
600860,北京市,116.395645,39.929986
600861,北京市,116.395645,39.929986
600862,江苏省南通市,120.873801,32.014665
600863,内蒙古自治区包头市,109.846239,40.647119
600864,黑龙江省哈尔滨市,126.657717,45.773225
600865,浙江省杭州市,120.219375,30.259244
600866,广东省肇庆市,112.479653,23.078663
600867,吉林省通化市,125.94265,41.736397
600868,广东省梅州市,116.126403,24.304571
600869,青海省西宁市,101.767921,36.640739
600870,福建省厦门市,118.103886,24.489231
600871,江苏省扬州市,119.427778,32.408505
600872,广东省中山市,113.42206,22.545178
600873,西藏自治区拉萨市,91.111891,29.662557
600874,天津市,114.025974,22.546054
600875,四川省德阳市,104.402398,31.13114
600876,河南省洛阳市,112.447525,34.657368
600877,重庆市,106.530635,29.544606
600878,辽宁省大连市,121.593478,38.94871
600879,湖北省武汉市,114.3162,30.581084
600880,四川省成都市,104.067923,30.679943
600881,吉林省长春市,125.313642,43.898338
600882,山东省淄博市,118.059134,36.804685
600883,云南省保山市,99.177996,25.120489
600884,浙江省宁波市,121.579006,29.885259
600885,湖北省武汉市,114.3162,30.581084
600886,湖北省荆门市,112.21733,31.042611
600887,内蒙古自治区呼和浩特市,111.660351,40.828319
600888,新疆维吾尔自治区乌鲁木齐市,87.564988,43.84038
600889,江苏省南京市,118.778074,32.057236
600890,吉林省长春市,125.313642,43.898338
600891,黑龙江省哈尔滨市,126.657717,45.773225
600892,河北省石家庄市,114.522082,38.048958
600893,吉林省长春市,125.313642,43.898338
600894,广东省广州市,113.30765,23.120049
600895,上海市,121.487899,31.249162
600896,海南省海口市,110.330802,20.022071
600897,福建省厦门市,118.103886,24.489231
600898,河南省郑州市,113.649644,34.75661
600899,浙江省杭州市,120.219375,30.259244
600900,北京市,116.395645,39.929986
600960,山东省滨州市,117.968292,37.405314
600961,湖南省株洲市,113.131695,27.827433
600962,北京市,116.395645,39.929986
600963,湖南省岳阳市,113.146196,29.378007
600965,河北省廊坊市,116.703602,39.518611
600966,山东省淄博市,118.059134,36.804685
600967,内蒙古自治区包头市,109.846239,40.647119
600969,湖南省郴州市,113.037704,25.782264
600970,江苏省南京市,118.778074,32.057236
600971,安徽省淮北市,116.791447,33.960023
600973,江苏省扬州市,116.395645,39.929986
600975,湖南省长沙市,112.979353,28.213478
600976,湖北省武汉市,114.3162,30.581084
600978,广东省汕头市,116.72865,23.383908
600979,四川省广安市,106.63572,30.463984
600980,北京市,116.395645,39.929986
600981,江苏省南京市,118.778074,32.057236
600982,浙江省宁波市,121.579006,29.885259
600983,安徽省合肥市,117.282699,31.866942
600984,陕西省西安市,108.953098,34.2778
600985,安徽省淮北市,116.791447,33.960023
600986,山东省东营市,118.583926,37.487121
600987,浙江省杭州市,120.219375,30.259244
600988,广东省广州市,113.30765,23.120049
600990,安徽省合肥市,117.282699,31.866942
600991,湖南省永州市,111.614648,26.435972
600992,贵州省遵义市,106.93126,27.699961
600993,湖北省武汉市,114.3162,30.581084
600995,云南省文山县,104.089112,23.401781
600997,河北省唐山市,118.183451,39.650531
601001,山西省大同市,113.290509,40.113744
601006,山西省大同市,113.290509,40.113744
601111,北京市,116.395645,39.929986
601333,广东省深圳市,114.025974,22.546054
601398,北京市,116.395645,39.929986
601588,北京市,116.395645,39.929986
601607,上海市,121.487899,31.249162
601666,河南省平顶山市,113.300849,33.745301
601699,山西省长治市,113.120292,36.201664
601872,上海市,121.487899,31.249162
601988,北京市,116.395645,39.929986
601991,北京市,116.395645,39.929986
200041,广东省深圳市,114.025974,22.546054
200053,广东省深圳市,114.025974,22.546054
200054,重庆市,106.530635,29.544606
200057,广东省深圳市,114.025974,22.546054
200152,山东省济南市,117.024967,36.682785
200160,河北省承德市,118.125718,40.973242
200168,广东省普宁市,116.078166,23.288954
200468,江苏省南京市,118.778074,32.057236
200512,福建省厦门市,118.103886,24.489231
200706,辽宁省瓦房店市,121.790699,39.708956
200770,湖北省武汉市,114.3162,30.581084
200771,浙江省杭州市,120.219375,30.259244
200986,广东省佛山市,114.025974,22.546054
200992,山东省济南市,117.024967,36.682785
900929,上海市,121.487899,31.249162
900935,上海市,121.487899,31.249162
900939,上海市,121.487899,31.249162
900948,内蒙古自治区鄂尔多斯市,109.993706,39.81649
900949,浙江省杭州市,120.219375,30.259244
900950,江苏省常州市,119.981861,31.771397
900951,辽宁省大连市,121.593478,38.94871
900953,上海市,121.487899,31.249162
900956,湖北省黄石市,115.050683,30.216127
900957,上海市,121.487899,31.249162
